Dwell_a_d_EY,Dwell_a_a_EY,ID
45312.2,28199.3,24248
2071.0,1399.1,23807
32136.0,17773.3,24016
27734.3,16720.0,23995
27066.8,22054.3,24249
3820.0,2764.0,21835
30154.1,22827.7,23936
18792.5,6518.4,23836
12462.6,7967.3,24184
16503.4,7247.1,21376
25740.5,17963.2,24244
30122.9,26313.5,24142
